alright adj|alright
real adj|real
part adj|part
right adj|right
left adj|left
mean adj|mean
back adj|back
through adj|through
sleepy adj|sleep-dn
big adj|big
wide adj|wide
busy adj|busy
little adj|little
good adj|good
kind adj|kind
small adj|small
dear adj|dear
patient adj|patient
enough adj|enough
sure adj|sure
full adj|full
top adj|top
red adj|red
clean adj|clean
next adj|next
ready adj|ready
open adj|open
just adj|just
bottom adj|bottom
true adj|true
taller adj|tall-CP
hungry adj|hungry
sorry adj|sorry
dangerous adj|dangerous
poor adj|poor
plastic adj|plastic
pretend adj|pretend
light adj|light
nice adj|nice
straight adj|straight
still adj|still
careful adj|care-dn
tight adj|tight
first adj|first
strong adj|strong
sharp adj|sharp
better adj|good-CP
hard adj|hard
yellow adj|yellow
blue adj|blue
faster adj|fast-CP
magic adj|magic
misshapen adj|misshapen
outside adj|outside
pretty adj|pretty
okay adj|okay
welcome adj|welcome
green adj|green
whole adj|whole
close adj|close
funny adj|fun-dn
bad adj|bad
giant adj|giant
cold adj|cold
dirty adj|dirt-dn
gentle adj|gentle
secret adj|secret
own adj|own
new adj|new
afraid adj|afraid
modern adj|modern
electric adj|electric
rotary adj|rotary
flat adj|flat
last adj|last
old adj|old
brief adj|brief
same adj|same
head adj|head
rough adj|rough
live adj|live
tamer adj|tame-CP
wet adj|wet
broke adj|broke
tall adj|tall
hot adj|hot
purple adj|purple
smart adj|smart
cloudy adj|cloud-dn
sound adj|sound
sick adj|sick
warm adj|warm
heavy adj|heavy
all_gone adj|all_gone
soon adj|soon
fresh adj|fresh
large adj|large
side adj|side
black adj|black
silver adj|silver
best adj|good-SP
cool adj|cool
long adj|long
careless adj|care-dn
fast adj|fast
inside adj|inside
bigger adj|big-CP
tiny adj|tiny
fine adj|fine
far adj|far
born adj|born
closer adj|close-CP
wrong adj|wrong
high adj|high
sunny adj|sun-dn
pink adj|pink
meadow adj|meadow
happy adj|happy
early adj|early
ashamed adj|ashamed
messy adj|mess-dn
fun adj|fun
naughty adj|naughty
white adj|white
dry adj|dry
larger adj|large-CP
smelly adj|smell-dv
saggy adj|sag-dv
baggy adj|bag-dn
polar adj|polar
silly adj|silly
round adj|round
hollow adj|hollow
different adj|different
able adj|able
special adj|special
difficult adj|difficult
strange adj|strange
past adj|past
surprise adj|surprise
squeaky adj|squeak-dv
easier adj|ease-dn
farthest adj|far-SP
short adj|short
windy adj|wind-dn
dark adj|dark
soft adj|soft
healthy adj|health-dn
empty adj|empty
orange adj|orange
marvelous adj|marvelous
ticklish adj|ticklish
dizzy adj|dizzy
opener adj|open-CP
delicious adj|delicious
useful adj|use-dn
gold adj|gold
angry adj|angry
skinned adj|skinned
friendly adj|friend-dn
brown adj|brown
extra adj|extra
smaller adj|small-CP
blind adj|blind
particular adj|particular
return adj|return
separate adj|separate
ski adj|ski
late adj|late
iron adj|iron
favorite adj|favorite
sturdy adj|sturdy
sore adj|sore
cross adj|cross
slippery adj|slippery
shiny adj|shine-dn
wise adj|wise
young adj|young
colonial adj|colonial
sad adj|sad
chatty adj|chat-dn
worth adj|worth
automatic adj|automatic
runny adj|run-dv
dusty adj|dust-dn
alive adj|alive
terrible adj|terrible
longer adj|long-CP
glad adj|glad
mad adj|mad
bright adj|bright
ugly adj|ugly
grey adj|grey
earlier adj|early-CP
uneven adj|even
public adj|public
loud adj|loud
noisy adj|noise-dn
talented adj|talented
specific adj|specific
terrific adj|terrific
sweet adj|sweet
golden adj|golden
wonderful adj|wonder-FULL
jolly adj|jolly
easy adj|ease-dn
regular adj|regular
fat adj|fat
clever adj|clever
blonde adj|blonde
second adj|second
nervous adj|nervous
cute adj|cute
heavier adj|heavy-CP
